,QUOTE_DATE,EXPIRE_DATE,SPY_CLOSE,HISTORICAL_VOLATILITY,T,C_BID,C_ASK,P_BID,P_ASK,STRIKE,C_LAST,P_LAST,BS_CALL_HV,BS_PUT_HV,CALL_DIFF,PUT_DIFF
0,2023-01-03,2023-02-10,369.2570495605469,0.19136170022227633,0.10410958904109589,19.05,19.49,5.63,5.66,369.0, 0.000000, 6.630000,10.195381100062292,8.02250035773946,0.47091950700247576,-0.42116923963497976
1,2023-01-04,2023-02-03,372.10784912109375,0.19237227487406275,0.0821917808219178,17.47,17.81,4.6,4.63,372.0, 14.780000, 4.840000,9.010905730244701,7.377426489434981,0.48917767969134346,-0.5985756206793025
2,2023-01-05,2023-02-10,367.86077880859375,0.19467145083790183,0.09863013698630137,18.15,18.39,5.31,5.34,368.0, 0.000000, 4.980000,9.810816194071691,8.139710353899574,0.46300951318709954,-0.5285841040186995
3,2023-01-06,2023-02-10,376.296630859375,0.20241913201732212,0.0958904109589041,18.2,18.45,4.76,4.79,376.0, 16.110000, 4.640000,10.46675912642479,8.371703278897826,0.4288262413956458,-0.7532362887744136
4,2023-01-09,2023-02-17,376.0832824707031,0.2012931612918013,0.10684931506849316,19.3,19.55,5.7,5.72,376.0, 23.120000, 5.720000,10.921427725988138,8.834734473842673,0.4377643384304691,-0.5472389621440757
5,2023-01-10,2023-02-10,378.7206726074219,0.2026391786668305,0.08493150684931507,17.17,17.51,4.35,4.37,379.0, 16.750000, 4.360000,9.584655325430816,8.257943160734925,0.44725171133616987,-0.8940236607190197
6,2023-01-11,2023-02-10,383.5107116699219,0.20091063414050367,0.0821917808219178,17.2,17.42,4.53,4.57,384.0, 16.920000, 4.850000,9.352351498028156,8.266795833560792,0.45971395158705053,-0.8168782051781958
7,2023-01-12,2023-02-10,384.9069519042969,0.20108382988398002,0.07945205479452055,16.56,16.82,3.41,3.44,385.0, 16.790000, 3.570000,9.421654387415316,7.988284362167889,0.43549104928608046,-1.3323457991731062
8,2023-01-13,2023-02-17,386.40020751953125,0.1792581426229178,0.0958904109589041,17.93,18.16,3.86,3.87,386.0, 17.490000, 3.930000,9.701120006689877,7.454657047194189,0.4623929062516001,-0.9287599087177719
9,2023-01-17,2023-02-10,385.6924133300781,0.17929324789744744,0.06575342465753424,15.79,15.99,2.93,2.95,386.0, 15.850000, 3.030000,7.554776487565249,6.595405872295203,0.5245578044326464,-1.2433353307126538
10,2023-01-18,2023-02-10,379.6030578613281,0.18468124803714175,0.06301369863013699,15.52,15.75,3.1,3.12,380.0, 15.640000, 3.120000,7.419129984297797,6.6206959646782195,0.5254793742054495,-1.1288411461987842
11,2023-01-19,2023-02-10,376.83966064453125,0.17857042106775903,0.06027397260273973,15.57,15.79,3.01,3.03,377.0, 17.230000, 2.600000,7.080322478196962,6.106207760076188,0.5484488215435611,-1.0219230993629764
12,2023-01-20,2023-02-17,383.85980224609375,0.182055275260385,0.07671232876712329,16.56,16.7,3.77,3.79,384.0, 16.970000, 3.760000,8.390780841873635,7.060922970493976,0.49544312436117643,-0.8679690398132212
13,2023-01-23,2023-02-24,388.465576171875,0.1849976327439118,0.08767123287671233,17.73,18.44,3.83,3.85,388.0, 18.890000, 3.840000,9.589577666103935,7.426901964189881,0.4697496452251073,-0.9340890531744482
14,2023-01-24,2023-02-17,388.04864501953125,0.18385468795457513,0.06575342465753424,16.85,17.03,3.16,3.18,388.0, 16.700000, 3.230000,7.965495900137,6.643329049894675,0.5297818240769185,-1.0956873974431152
15,2023-01-25,2023-02-17,388.1940612792969,0.18229374722576513,0.06301369863013699,16.48,16.97,3.1,3.11,388.0, 16.220000, 3.160000,7.803033731825707,6.38843048037856,0.5334508979476409,-1.0574655331331915
16,2023-01-26,2023-02-17,392.4604797363281,0.18035875495131906,0.06027397260273973,16.19,16.53,2.9,2.92,392.0, 15.930000, 2.900000,7.768685091173467,6.128613851272206,0.5251414980945314,-1.1060528698529917
17,2023-01-27,2023-02-24,393.3622131347656,0.17925032417700582,0.07671232876712329,16.98,17.39,3.15,3.17,393.0, 16.470000, 2.870000,8.740752137319191,6.874028948550006,0.4913731662892528,-1.1753256166297485
18,2023-01-30,2023-03-03,388.4267883300781,0.1822000165069479,0.08767123287671233,18.09,18.44,4.03,4.05,388.0, 18.590000, 4.040000,9.4408884722464,7.317000612129277,0.48311587888056945,-0.8111387653785339
19,2023-01-31,2023-02-24,394.1379699707031,0.17057957112033617,0.06575342465753424,16.69,16.87,3.22,3.24,394.0, 15.220000, 3.250000,7.604002431083416,6.172816993111866,0.5468413330701183,-0.9110888523566145
20,2023-02-01,2023-02-24,398.3267517089844,0.1675910638078537,0.06301369863013699,16.16,16.45,2.72,2.74,398.0, 16.580000, 2.730000,7.490587773092415,5.911836824634321,0.5405956594239549,-1.1655079943715458
21,2023-02-02,2023-02-24,404.1252746582031,0.1679160236163609,0.06027397260273973,16.1,16.36,2.53,2.6,404.0, 15.580000, 2.630000,7.326889780696035,5.98591367493276,0.5485588551635222,-1.3336895418841173
22,2023-02-03,2023-03-03,399.8297119140625,0.17255296741484122,0.07671232876712329,16.77,17.02,3.2,3.22,400.0, 17.130000, 3.210000,8.309416448977998,6.948396591909329,0.5081730423807044,-1.1646095301898223
23,2023-02-06,2023-03-10,397.38623046875,0.17039628747415525,0.08767123287671233,17.97,18.21,3.98,4.0,397.5, 15.010000, 4.140000,8.820096362671961,7.195213669204179,0.5124324840977357,-0.8033116965424006
24,2023-02-07,2023-03-10,402.58349609375,0.16598488423864335,0.08493150684931507,17.97,18.27,3.56,3.59,402.5, 13.520000, 4.110000,8.678436581934363,6.889318003216573,0.5210575837784567,-0.9270819589416986
25,2023-02-08,2023-03-10,398.1812744140625,0.17051276888575728,0.0821917808219178,18.01,18.3,3.84,3.86,398.0, 18.660000, 4.050000,8.687425559543016,6.873890963633841,0.5214857857591289,-0.7854262243204783
26,2023-02-09,2023-03-17,394.7294006347656,0.17257994461276835,0.09863013698630137,18.83,19.04,5.67,5.69,395.0, 18.200000, 5.640000,9.378288014664491,7.705737441112376,0.5047114858904415,-0.35664391568879866
27,2023-02-10,2023-03-24,395.65057373046875,0.1668770349531587,0.11506849315068493,19.51,19.77,6.51,6.54,396.0, 0.000000, 6.450000,9.906300798039268,7.983912526861985,0.49560586568028164,-0.22358812672214326
28,2023-02-13,2023-03-31,400.29510498046875,0.16291341745080848,0.12602739726027398,19.86,20.23,6.47,6.49,400.0, 19.810000, 6.480000,10.674150696106665,7.86642256843092,0.4674906113191986,-0.21395410006649995
29,2023-02-14,2023-03-24,400.1109313964844,0.16244278422585015,0.10410958904109589,18.5,18.83,5.1,5.13,400.0, 17.550000, 4.950000,9.481974734812127,7.294261569464936,0.49199170989487667,-0.42605309275951825
30,2023-02-15,2023-03-24,401.4102478027344,0.16118183294317523,0.10136986301369863,18.27,18.52,4.83,4.85,401.0, 17.460000, 4.850000,9.46861382207942,7.031042344098012,0.48526154813376354,-0.4526946991938041
31,2023-02-16,2023-03-17,395.88336181640625,0.1674631817785598,0.07945205479452055,17.36,17.54,4.37,4.39,396.0, 20.280000, 4.280000,8.189919156484478,6.736527272814783,0.5306636586541846,-0.5380199253001788
32,2023-02-17,2023-03-24,394.894287109375,0.1631189111859835,0.0958904109589041,17.79,18.01,5.25,5.27,395.0, 18.100000, 5.210000,8.862446356881861,7.078856400911064,0.504891264978667,-0.34579019028727465
33,2023-02-21,2023-03-17,386.9723205566406,0.1641314152612358,0.06575342465753424,17.18,17.3,4.44,4.46,387.0, 17.630000, 4.450000,7.126715414289521,5.884155299697369,0.5866174353660372,-0.3222820898196334
34,2023-02-22,2023-03-17,386.43902587890625,0.1642127298164643,0.06301369863013699,16.91,17.03,4.06,4.08,386.0, 18.830000, 4.230000,7.201854187452909,5.5485777898611275,0.5756125994429635,-0.36328692625580516
35,2023-02-23,2023-03-17,388.49462890625,0.16374275316159112,0.06027397260273973,16.79,16.93,3.48,3.49,388.0, 15.810000, 3.490000,7.083155866859869,5.42097210503232,0.5798839936619294,-0.5555156685889008
36,2023-02-24,2023-03-24,384.3446044921875,0.16318077144480458,0.07671232876712329,17.14,17.36,4.7,4.73,384.0, 16.680000, 4.990000,7.858227802610941,6.043567685137532,0.5444505621674817,-0.2817746946208976
37,2023-02-27,2023-03-31,385.65362548828125,0.163137792732999,0.08767123287671233,16.87,17.14,5.09,5.11,386.0, 16.840000, 5.140000,8.108382323965373,6.766405241366982,0.5231765760678994,-0.3267461257582319
38,2023-02-28,2023-03-24,384.2282409667969,0.16307878410979015,0.06575342465753424,17.05,17.21,3.69,3.72,384.0, 18.520000, 3.680000,7.16894243465012,5.680308728180449,0.5814978146730813,-0.5331467552443858
39,2023-03-01,2023-03-24,382.75439453125,0.16335879757243393,0.06301369863013699,15.75,15.92,4.03,4.05,383.0, 15.700000, 4.140000,6.7446925356821055,5.785484665943528,0.5740642541406943,-0.4320506598870119
40,2023-03-02,2023-03-24,385.7311706542969,0.15795431188456993,0.06027397260273973,15.17,15.33,3.82,3.84,386.0, 15.290000, 3.800000,6.417192156705539,5.524484970828979,0.5792005143143909,-0.4424242743678796
41,2023-03-03,2023-03-31,391.91748046875,0.1622157052771207,0.07671232876712329,15.7,16.13,3.84,3.86,392.0, 16.080000, 3.850000,7.743326880112079,6.325164627216083,0.5134573119627974,-0.6428999031730086
42,2023-03-06,2023-03-31,392.1889953613281,0.15385065112082574,0.0684931506849315,15.93,16.15,3.52,3.53,392.0, 15.660000, 3.540000,7.081265404513715,5.552100410598996,0.5585246007161025,-0.5750639462692188
43,2023-03-07,2023-03-31,386.1772155761719,0.1569419842626398,0.06575342465753424,15.77,15.97,3.78,3.79,386.0, 15.660000, 3.660000,6.936918114223602,5.492745252859805,0.5628911081144549,-0.45118764936850864
44,2023-03-08,2023-03-31,386.8075256347656,0.15700641955731376,0.06301369863013699,15.05,15.19,3.56,3.58,387.0, 15.120000, 3.560000,6.599673630175943,5.57475174999243,0.5635136487978875,-0.5615551120426974
45,2023-03-09,2023-03-31,379.6709899902344,0.16590193127512345,0.06027397260273973,15.78,15.94,4.46,4.49,380.0, 17.570000, 4.490000,6.5780255666204255,5.763554016799816,0.5852442896204019,-0.2879450316871098
46,2023-03-10,2023-04-06,374.1925048828125,0.16675030454907758,0.07397260273972603,16.96,17.05,5.28,5.32,374.0, 17.040000, 5.350000,7.571221654837956,5.997984084576444,0.5547649717825373,-0.13169511029744216
47,2023-03-13,2023-04-06,373.6592102050781,0.16634543991479897,0.06575342465753424,16.75,16.98,5.8,5.87,374.0, 17.470000, 5.550000,6.803729206279087,5.916948989123853,0.5965769815428944,-0.014044385453959337
48,2023-03-14,2023-04-06,379.8358459472656,0.17100063845147917,0.06301369863013699,15.81,16.09,4.5,4.52,380.0, 14.190000, 4.680000,7.023912393310923,5.992690287753817,0.5596293170337979,-0.3287561613644827
49,2023-03-15,2023-04-06,377.4601745605469,0.1653340633431673,0.06027397260273973,16.39,16.49,5.19,5.23,377.0, 15.160000, 5.560000,6.929476513848073,5.334847879711674,0.5784989955080247,-0.023963124704735737
50,2023-03-16,2023-04-06,384.0827941894531,0.17073478697343408,0.057534246575342465,15.3,15.77,4.01,4.04,384.0, 15.010000, 4.870000,6.875748893101132,5.689884537876367,0.5574027104537411,-0.4136359100313953
51,2023-03-17,2023-04-14,379.59185791015625,0.16668958863968134,0.07671232876712329,17.03,17.4,6.05,6.08,380.0, 19.330000, 6.060000,7.516981854684673,6.470381398672629,0.5633469732974341,-0.06683947216366519
52,2023-03-20,2023-04-14,383.24188232421875,0.16794334163480132,0.0684931506849315,16.88,17.06,5.09,5.12,383.0, 15.130000, 5.120000,7.510030784768105,5.958748028710971,0.5574525171026455,-0.16723761581018037
53,2023-03-21,2023-04-14,388.2740478515625,0.17239885591090304,0.06575342465753424,15.99,16.2,4.18,4.2,388.0, 13.370000, 4.270000,7.635100912697226,6.087531230423679,0.5256228075366743,-0.4528714153755798
54,2023-03-22,2023-04-14,381.65533447265625,0.17364727124006593,0.06301369863013699,16.37,16.65,4.15,4.18,382.0, 21.160000, 3.010000,7.066260794232562,6.209258709820176,0.5720011632808866,-0.4908184177239318
55,2023-03-23,2023-04-21,382.6871337890625,0.17185866756933757,0.07945205479452055,17.2,17.55,5.03,5.06,383.0, 16.140000, 6.490000,8.001771054888593,6.796148589659765,0.5394664141071314,-0.3471057660376145
56,2023-03-24,2023-04-28,385.19830322265625,0.17184761655821074,0.0958904109589041,17.03,17.33,5.92,5.94,385.0, 15.740000, 5.750000,9.215415442087362,7.175639824647874,0.46359630721260986,-0.2100573060114459
57,2023-03-27,2023-04-28,385.9185485839844,0.17177920760155543,0.08767123287671233,16.71,17.0,5.01,5.03,386.0, 16.380000, 4.680000,8.643353554475397,7.036453376173853,0.48719350017944846,-0.4016839394768632
58,2023-03-28,2023-04-28,385.0522766113281,0.16766487516801815,0.08493150684931507,16.52,16.81,4.52,4.54,385.0, 15.740000, 4.850000,8.360768242910638,6.677026645961178,0.4983037357989416,-0.4739573169892226
59,2023-03-29,2023-04-28,390.64892578125,0.17375206940397203,0.0821917808219178,15.92,16.16,4.23,4.25,391.0, 16.070000, 4.370000,8.392289962110908,7.139812092664755,0.47678990261153936,-0.6839179463831968
60,2023-03-30,2023-04-28,392.9363098144531,0.1744381638053813,0.07945205479452055,15.79,16.0,3.93,3.94,393.0, 15.660000, 4.000000,8.462600811329963,6.968155096789673,0.4675935318446075,-0.770814509984669
61,2023-03-31,2023-05-05,398.4746398925781,0.17487183796818306,0.0958904109589041,17.51,17.9,4.56,4.61,398.0, 16.830000, 4.710000,9.823096518068354,7.444804643350693,0.4451795245372293,-0.6237305656162908
62,2023-04-03,2023-05-05,399.9930114746094,0.17497465950913627,0.08767123287671233,16.62,16.97,4.13,4.15,400.0, 16.790000, 4.140000,9.148981489333408,7.406382870353951,0.45525564219509335,-0.7889813696507126
63,2023-04-04,2023-05-05,397.7738037109375,0.16475643192387285,0.08493150684931507,16.45,16.67,4.25,4.28,398.0, 16.850000, 4.280000,8.35719801481477,6.896840890169983,0.49533828412954295,-0.6170787550222702
64,2023-04-05,2023-05-05,396.73236083984375,0.16494619678944944,0.0821917808219178,16.23,16.48,4.18,4.2,397.0, 19.560000, 4.180000,8.170954695577876,6.810434830123228,0.5004002020435416,-0.6254021074279782
65,2023-04-06,2023-05-05,398.2799377441406,0.1646672651497447,0.07945205479452055,16.29,16.52,3.74,3.75,398.0, 14.370000, 3.780000,8.32331541769858,6.4654181615103425,0.49263545152706006,-0.7264133942617736
66,2023-04-10,2023-05-12,398.6886901855469,0.1609736405131066,0.08767123287671233,16.58,16.85,4.36,4.38,399.0, 15.110000, 4.460000,8.305221808435988,6.871318446379917,0.5031276213918044,-0.5723840838397978
67,2023-04-11,2023-05-05,398.7958068847656,0.16086116168607728,0.06575342465753424,15.25,15.55,3.45,3.46,399.0, 15.890000, 3.390000,7.120512529341795,6.015078813509888,0.537629056536247,-0.7409779489174784
68,2023-04-12,2023-05-05,397.17034912109375,0.16096422356829318,0.06301369863013699,15.25,15.49,3.19,3.21,397.0, 15.450000, 3.210000,7.1250524442172605,5.705849810382119,0.5364312007666063,-0.7830780657444122
69,2023-04-13,2023-05-05,402.44580078125,0.163960421939414,0.06027397260273973,14.62,14.85,2.69,2.7,402.5, 12.410000, 2.700000,7.048074819581359,5.8910863337696355,0.5216779898485674,-1.1859318492651707
70,2023-04-14,2023-05-12,401.4627380371094,0.1633388828206478,0.07671232876712329,15.94,16.26,2.99,3.01,401.0, 15.580000, 2.980000,8.269835413903706,6.271961163930655,0.48634562646560836,-1.0906537213102183
71,2023-04-17,2023-05-12,402.9033203125,0.1575842102734305,0.0684931506849315,14.96,15.16,2.81,2.82,403.0, 14.150000, 3.250000,7.278246868748255,5.997150122747286,0.516716675381922,-1.1304263313489469
72,2023-04-18,2023-05-12,403.16607666015625,0.15758476683084302,0.06575342465753424,15.21,15.43,2.63,2.65,403.0, 14.760000, 2.590000,7.258453704202509,5.769621121941725,0.5262105937204629,-1.1854625461900477
73,2023-04-19,2023-05-12,403.0979919433594,0.1498255436650283,0.06301369863013699,14.96,15.12,2.52,2.54,403.0, 14.760000, 2.450000,6.744990588405443,5.379270771910598,0.5515298810900636,-1.126193980992331
74,2023-04-20,2023-05-12,400.89825439453125,0.15115097799696142,0.06027397260273973,14.54,14.76,2.79,2.8,401.0, 17.100000, 3.000000,6.495318647953354,5.390390291858694,0.5566335393888495,-0.928583288679318
75,2023-04-21,2023-05-19,401.20965576171875,0.13902274584346497,0.07671232876712329,15.79,15.95,3.07,3.08,401.0, 15.300000, 3.080000,7.061068602028001,5.316276627445575,0.5550681410190295,-0.7288704479497803
76,2023-04-24,2023-05-26,401.62823486328125,0.13012606002453356,0.08767123287671233,15.89,16.06,3.63,3.63,402.0, 15.570000, 3.650000,6.880490182450359,5.493920239077141,0.5692963892049854,-0.51347664988351
77,2023-04-25,2023-05-19,395.2528381347656,0.1402708213475345,0.06575342465753424,16.06,16.23,3.59,3.6,395.0, 16.300000, 3.610000,6.468632089550368,4.919296214756713,0.599341462400101,-0.36837168699769496
78,2023-04-26,2023-05-19,393.5787353515625,0.13433192551180045,0.06301369863013699,15.31,15.52,3.38,3.4,394.0, 16.410000, 3.400000,5.708052612002433,4.889900927895582,0.6297079071033128,-0.44244865129663186
79,2023-04-27,2023-05-19,401.4140625,0.1426496942233873,0.06027397260273973,14.88,15.51,2.55,2.56,401.0, 15.110000, 2.560000,6.444452309125097,4.823715847561715,0.5758833623478053,-0.8879514080476382
80,2023-04-28,2023-05-26,404.84027099609375,0.136535533009294,0.07671232876712329,15.06,15.36,2.86,2.87,405.0, 14.660000, 2.870000,6.817348139018208,5.42662785063078,0.5517851322144506,-0.8941109426285443
81,2023-05-01,2023-05-26,404.4314270019531,0.1307189867948396,0.0684931506849315,15.68,15.91,2.41,2.42,404.0, 15.410000, 2.400000,6.460794847301543,4.648172611764323,0.5909594905158884,-0.9247091560100718
82,2023-05-02,2023-05-26,399.8858947753906,0.13432077457837951,0.06575342465753424,15.46,15.65,3.03,3.05,400.0, 15.080000, 3.040000,6.106480075137057,4.907676195920629,0.6074265461178363,-0.6143671697107334
83,2023-05-03,2023-05-26,397.14111328125,0.1317245896787815,0.06301369863013699,15.48,15.71,3.19,3.22,397.0, 19.470000, 3.200000,5.953833650917431,4.56386685692604,0.6182216318744834,-0.4239834186976725
84,2023-05-04,2023-05-26,394.32818603515625,0.12272015621558321,0.06027397260273973,15.63,15.96,3.54,3.56,394.0, 16.470000, 3.250000,5.525789984171155,4.011994121443905,0.6501557464912217,-0.13013918913912828
85,2023-05-05,2023-06-02,401.62823486328125,0.1324909970956893,0.07671232876712329,15.1,15.33,3.36,3.38,402.0, 15.490000, 3.280000,6.472853325388002,5.305653979385511,0.5745742145653631,-0.5743780354259675
86,2023-05-08,2023-06-09,401.73529052734375,0.13170776657545916,0.08767123287671233,16.16,16.4,3.69,3.71,402.0, 16.360000, 3.670000,7.013372418647975,5.519746811212229,0.5692031683877166,-0.49182346248979164
87,2023-05-09,2023-06-02,399.9735412597656,0.1327614889981349,0.06575342465753424,15.14,15.48,2.97,2.99,400.0, 15.690000, 3.000000,6.090649860690604,4.804199497099148,0.6021783239261526,-0.6121474822480361
88,2023-05-10,2023-06-02,401.8423156738281,0.13271604726639902,0.06301369863013699,14.55,14.84,2.51,2.53,402.0, 14.070000, 2.590000,5.904918630055619,4.798020809824408,0.5981681776076476,-0.9039765118350828
89,2023-05-11,2023-06-02,401.1415710449219,0.12710127852330003,0.06027397260273973,14.68,14.79,2.33,2.34,401.0, 14.730000, 2.400000,5.688213870919867,4.339968864434667,0.6139658044845696,-0.8586590425844398
90,2023-05-12,2023-06-09,400.6159362792969,0.12636636001723756,0.07671232876712329,15.07,15.3,3.07,3.09,401.0, 15.570000, 3.250000,6.179818760847269,5.028746268686717,0.5930313624730149,-0.6327098274956874
91,2023-05-15,2023-06-16,401.9980773925781,0.12023029380786844,0.08767123287671233,15.89,16.22,4.01,4.02,402.0, 16.010000, 4.020000,6.61768244513857,4.861269972468506,0.5878117443077814,-0.21077707907061174
92,2023-05-16,2023-06-16,399.3116760253906,0.12141625064175234,0.08493150684931507,16.5,16.84,4.05,4.06,399.0, 17.540000, 4.060000,6.680262828370076,4.677795817880991,0.5992643774223111,-0.1535871314133148
93,2023-05-17,2023-06-16,404.1589050292969,0.12516152152690985,0.0821917808219178,15.64,16.14,3.56,3.58,404.0, 15.980000, 3.490000,6.725548559801325,4.909776411242973,0.576743325374366,-0.37528751015209316
94,2023-05-18,2023-06-16,408.05230712890625,0.12746995638790123,0.07945205479452055,15.45,15.71,3.09,3.11,408.0, 15.000000, 3.110000,6.709707739770209,5.039793874895594,0.5693383992445309,-0.6257399596437401
95,2023-05-19,2023-06-23,407.4585266113281,0.12733500136864542,0.0958904109589041,15.9,16.45,3.74,3.76,407.5, 15.890000, 3.950000,7.393183734528435,5.485566211838801,0.5429252714356455,-0.46281765649034695
96,2023-05-22,2023-06-30,407.62396240234375,0.12733640928044493,0.10684931506849316,16.01,16.33,4.5,4.52,408.0, 16.170000, 4.500000,7.690311402760727,5.8924351737454685,0.524408694943678,-0.3065266460632969
97,2023-05-23,2023-06-23,403.0492858886719,0.13202463971496392,0.08493150684931507,16.03,16.39,4.13,4.16,403.0, 18.590000, 4.000000,7.0910733233567385,5.3340461640214585,0.5625494556843468,-0.28686276574703473
98,2023-05-24,2023-06-23,400.1292419433594,0.13327276630786342,0.0821917808219178,16.08,16.46,4.61,4.64,400.0, 16.410000, 4.610000,7.010997216803219,5.241292779125587,0.5690843751196547,-0.13325249278391066
99,2023-05-25,2023-06-23,403.5943603515625,0.13003210376769955,0.07945205479452055,15.15,15.5,4.18,4.21,404.0, 17.380000, 4.270000,6.509730314999047,5.3136221170365445,0.575221512887501,-0.26665604696937883
100,2023-05-26,2023-06-30,408.8211669921875,0.13491454848188136,0.0958904109589041,15.71,16.1,4.29,4.31,409.0, 15.500000, 4.200000,7.724151889877248,5.94671941855637,0.5143570015795506,-0.3829580043154349
101,2023-05-30,2023-06-23,408.9768981933594,0.13461953984078898,0.06575342465753424,14.36,14.81,3.04,3.06,409.0, 16.430000, 3.160000,6.307097289559408,4.987749537538093,0.5675627501159131,-0.6353277172256044
102,2023-05-31,2023-06-23,406.7090759277344,0.13575741799803903,0.06301369863013699,14.02,14.41,2.91,2.94,407.0, 16.470000, 2.590000,6.0311591450198705,5.041772437220686,0.575718667251504,-0.7236828845198928
103,2023-06-01,2023-06-23,410.5732421875,0.13831570798105838,0.06027397260273973,12.98,13.54,2.28,2.3,411.0, 13.640000, 2.350000,5.970721240704847,5.160713471652372,0.54971936344609,-1.2535866688438304
104,2023-06-02,2023-06-30,416.5105895996094,0.1426090652736715,0.07671232876712329,13.38,13.92,2.48,2.51,417.0, 14.000000, 2.410000,7.122413234219522,6.015435104026238,0.4782114846725625,-1.4109960336778509
105,2023-06-05,2023-07-07,415.7124328613281,0.14290420457447087,0.08767123287671233,14.13,14.7,2.8,2.82,416.0, 14.260000, 2.760000,7.796597128046699,6.264593636573721,0.4591330469617274,-1.2293927532290827
106,2023-06-06,2023-07-07,416.6175842285156,0.1429321777458568,0.08493150684931507,13.67,14.27,2.48,2.5,417.0, 14.920000, 2.470000,7.625661680465811,6.241010181809685,0.4541401803531989,-1.5064297918914396
107,2023-06-07,2023-07-07,415.1770324707031,0.13415404161051558,0.0821917808219178,13.89,14.52,2.31,2.32,415.0, 13.780000, 2.310000,7.339166151205745,5.460153842647401,0.48333923609956037,-1.3585977722019011
108,2023-06-08,2023-07-07,417.68829345703125,0.13354193631414837,0.07945205479452055,13.79,14.1,2.11,2.12,417.5, 11.860000, 2.250000,7.223111949285169,5.379546893560814,0.4820285443323651,-1.543520989863269
109,2023-06-09,2023-07-14,418.4377746582031,0.12251109652163149,0.0958904109589041,14.6,15.19,2.58,2.61,418.0, 15.570000, 2.580000,7.607332093974463,5.170244550006657,0.48926941295908266,-0.9923871098291552
110,2023-06-12,2023-07-14,422.2337951660156,0.12278887491720994,0.08767123287671233,14.45,14.99,2.72,2.74,422.0, 12.450000, 2.700000,7.204843375847133,5.125233772521085,0.5105405315321241,-0.8773750082494814
111,2023-06-13,2023-07-14,425.0175476074219,0.12345873063429298,0.08493150684931507,14.25,14.71,2.48,2.49,425.0, 14.220000, 2.530000,7.039658064127877,5.221142615435639,0.5138357690519422,-1.1010634267346633
112,2023-06-14,2023-07-14,425.5236511230469,0.11721635327840592,0.0821917808219178,13.3,13.96,2.37,2.4,426.0, 12.540000, 2.580000,6.353870803015354,5.083127123519546,0.5338319293459022,-1.1312901985406902
113,2023-06-15,2023-07-14,430.7991943359375,0.11767890195931147,0.07945205479452055,13.69,14.1,2.47,2.49,431.0, 14.330000, 2.280000,6.476325377064683,4.968335690141004,0.533909652604197,-1.0033611653794365
114,2023-06-16,2023-07-21,429.3317565917969,0.11546559615444973,0.0958904109589041,13.88,14.39,2.81,2.83,430.0, 14.250000, 2.790000,6.833188647994831,5.4447226282582335,0.5165766785995876,-0.930752705056111
115,2023-06-20,2023-07-21,427.1042785644531,0.10790272532109821,0.08493150684931507,14.63,14.98,2.43,2.44,427.0, 14.550000, 2.420000,6.3571517784026526,4.443430229896791,0.5706077826138026,-0.8248173428734253
116,2023-06-21,2023-07-21,424.91595458984375,0.1097985744603027,0.0821917808219178,13.75,14.27,2.33,2.34,425.0, 14.300000, 2.330000,6.196001679268477,4.53705568921157,0.557744348374841,-0.9430645349942485
117,2023-06-22,2023-07-21,426.44970703125,0.10826927612685927,0.07945205479452055,14.15,14.53,2.01,2.02,426.0, 13.970000, 2.020000,6.318245322565019,4.179566552289202,0.5593971183706402,-1.074226576818463
118,2023-06-23,2023-07-28,423.22576904296875,0.11155823247885724,0.0958904109589041,15.1,15.41,2.82,2.83,423.0, 14.650000, 2.710000,7.010479744488407,4.761482589848725,0.5404470832849291,-0.6854805627783098
119,2023-06-26,2023-07-28,421.49658203125,0.11239825631946437,0.08767123287671233,14.86,15.31,2.68,2.7,421.0, 16.110000, 2.690000,6.827176076371245,4.489153575671708,0.5474195507874547,-0.6688303255285156
120,2023-06-27,2023-07-28,426.1175842285156,0.11514369124633646,0.08493150684931507,14.61,14.85,2.42,2.43,426.0, 14.830000, 2.400000,6.704317957689625,4.781528316512492,0.5448528202518924,-0.9717642542319558
121,2023-06-28,2023-07-28,426.3325500488281,0.11515120076664662,0.0821917808219178,14.0,14.44,2.35,2.37,426.0, 14.160000, 2.500000,6.702086608787511,4.622444003510452,0.5286858924903297,-0.9586627133518862
122,2023-06-29,2023-07-28,428.0128479003906,0.11228795506251128,0.07945205479452055,13.98,14.31,2.25,2.26,428.0, 13.240000, 2.250000,6.29138518753291,4.581636103332329,0.5552219733097978,-1.031767673318106
123,2023-06-30,2023-08-04,433.0636901855469,0.11203958018097046,0.0958904109589041,14.97,15.51,2.44,2.46,433.0, 15.130000, 2.340000,7.106897535000769,4.972148785970404,0.5336681407479811,-1.0294484840695526
124,2023-07-03,2023-08-04,433.5619812011719,0.10992115833993168,0.08767123287671233,14.37,14.53,2.48,2.53,434.0, 14.210000, 2.510000,6.380093202994431,4.919809950180962,0.5584710586163023,-0.9639959880961926
125,2023-07-05,2023-07-28,432.91717529296875,0.1099300270751727,0.06301369863013699,13.62,13.86,1.94,1.96,433.0, 13.980000, 1.910000,5.425723456666702,4.146448488592199,0.6051147411450726,-1.1263838403036917
126,2023-07-06,2023-07-28,429.52716064453125,0.11353719329726976,0.06027397260273973,13.32,13.43,2.31,2.33,430.0, 13.480000, 2.270000,5.193501831782214,4.372401527719205,0.6117007976237597,-0.8846558309134502
127,2023-07-07,2023-08-04,428.4427490234375,0.10747817653210764,0.07671232876712329,14.46,14.88,2.5,2.52,428.0, 17.700000, 2.390000,6.183932051135287,4.102683528681183,0.5784640728605803,-0.6345352703909097
128,2023-07-10,2023-08-04,429.52716064453125,0.10379307605751355,0.0684931506849315,13.44,13.74,2.54,2.55,430.0, 13.360000, 2.670000,5.164796026460181,4.167551346183444,0.6199561422766607,-0.6375447332744378
129,2023-07-11,2023-08-04,432.2626037597656,0.10280580269440945,0.06575342465753424,13.77,14.21,2.28,2.29,432.5, 13.230000, 2.470000,5.1552724032014225,3.973085674924107,0.6315030448033293,-0.7387683478880117
130,2023-07-12,2023-08-04,435.7405090332031,0.0993701894716743,0.06301369863013699,13.18,13.57,1.79,1.81,436.0, 13.370000, 1.820000,4.909302503849517,3.797256615343514,0.6329493455065781,-1.1095870085241744
131,2023-07-13,2023-08-04,439.1990051269531,0.10060763238665335,0.06027397260273973,13.5,13.83,1.62,1.63,439.0, 13.980000, 1.620000,5.122700144466592,3.602672899991461,0.6251225653518776,-1.2170294769178223
132,2023-07-14,2023-08-11,438.9254150390625,0.0982120444056745,0.07671232876712329,13.59,13.9,2.14,2.15,439.0, 14.100000, 2.090000,5.60044621989087,3.9944207133791565,0.5925466555190346,-0.8622007987781615
133,2023-07-17,2023-08-11,440.449462890625,0.09605787885396888,0.0684931506849315,14.24,14.49,1.85,1.86,440.0, 14.520000, 1.750000,5.453045471519573,3.4993105443177797,0.6203936323341752,-0.8864207786079675
134,2023-07-18,2023-08-11,443.7222900390625,0.09044925108343126,0.06575342465753424,13.47,13.78,1.81,1.82,444.0, 14.060000, 1.800000,4.716918789345158,3.5372996450359437,0.653804125552649,-0.948925424262228
135,2023-07-19,2023-08-11,444.708984375,0.08963953148068361,0.06301369863013699,13.21,13.81,1.85,1.86,445.0, 13.970000, 1.780000,4.565982775851097,3.457150004957157,0.6620294022315991,-0.8636927250442894
136,2023-07-20,2023-08-11,441.7585754394531,0.09328211554707017,0.06027397260273973,13.53,13.74,1.82,1.83,442.0, 13.180000, 1.800000,4.598689150570408,3.510064107598538,0.6627290685316899,-0.9233227986841301
137,2023-07-21,2023-08-18,441.7585754394531,0.09206655367857847,0.07671232876712329,14.12,14.5,2.17,2.19,442.0, 14.370000, 2.140000,5.249069749192245,3.798399032717356,0.6331886967720304,-0.7423848773932827
138,2023-07-24,2023-08-18,443.7320861816406,0.09159000290981124,0.0684931506849315,13.8,14.24,2.02,2.03,444.0, 13.850000, 2.040000,4.8915364326788335,3.641503014128972,0.6511029648588563,-0.7982730933970232
139,2023-07-25,2023-08-18,444.9434509277344,0.0916101707758908,0.06575342465753424,14.11,14.39,1.99,2.0,445.0, 14.760000, 2.000000,4.902803107107019,3.4987408013663526,0.655943641606525,-0.753754787652307
140,2023-07-26,2023-08-18,445.0118713378906,0.08931373418791468,0.06301369863013699,13.44,13.84,1.64,1.66,445.0, 13.570000, 1.730000,4.719616570260968,3.307896836476374,0.6539870549662047,-1.0047859615008328
141,2023-07-27,2023-08-18,442.0614318847656,0.09131305910819744,0.06027397260273973,14.01,14.41,1.93,1.94,442.0, 15.310000, 2.200000,4.6819823415928,3.29050085330843,0.6705149654051513,-0.7005172368519017
142,2023-07-28,2023-08-25,446.3893737792969,0.0945230288603619,0.07671232876712329,14.65,15.09,2.06,2.07,446.0, 14.570000, 2.050000,5.774553091272935,3.6777709555241813,0.6116642171302666,-0.7810028840310805
143,2023-07-31,2023-08-25,447.23931884765625,0.0889060402303207,0.0684931506849315,14.07,14.43,1.95,1.98,447.0, 13.470000, 2.150000,5.086817511350688,3.319295026535798,0.6430303500806535,-0.689208664903714
144,2023-08-01,2023-08-25,445.9595031738281,0.08867092300870975,0.06575342465753424,14.08,14.4,1.96,1.97,446.0, 14.520000, 1.950000,4.790262452097096,3.366865627503131,0.6636051648808219,-0.7134176221389981
145,2023-08-02,2023-08-25,439.75579833984375,0.09748878555213196,0.06301369863013699,14.01,15.07,2.49,2.51,440.0, 14.440000, 2.540000,4.881704485538592,3.7417863834625393,0.6642569129615824,-0.49671455338501574
146,2023-08-03,2023-08-25,438.49560546875,0.09647025822386325,0.06027397260273973,14.81,15.52,2.34,2.35,438.0, 14.340000, 2.430000,5.10446407964568,3.2908456553726637,0.6634049403464767,-0.4033456952548674
147,2023-08-04,2023-09-01,436.5123596191406,0.0974749514579357,0.07671232876712329,14.7,15.45,3.52,3.53,437.0, 15.810000, 3.650000,5.311376067330315,4.126062520455463,0.6476699126149045,-0.17051419020013134
148,2023-08-07,2023-09-01,440.3224792480469,0.09674992021454999,0.0684931506849315,15.11,15.16,2.65,2.66,440.0, 14.760000, 2.730000,5.411619660117452,3.584868375493784,0.6424433657008621,-0.35023290979050226
149,2023-08-08,2023-09-01,438.40765380859375,0.09688126934807235,0.06575342465753424,15.4,15.41,2.65,2.66,438.0, 14.170000, 2.710000,5.320703974759908,3.475414697476907,0.6546118808984156,-0.3090074190120176
150,2023-08-09,2023-09-01,435.47674560546875,0.09515963791948377,0.06301369863013699,15.06,15.43,2.74,2.76,435.0, 17.300000, 2.730000,5.128896957356545,3.2837602233172447,0.6635685826594592,-0.19409462666081626
151,2023-08-10,2023-09-01,435.63311767578125,0.09516348773566793,0.06027397260273973,14.05,14.32,2.68,2.69,436.0, 15.630000, 2.860000,4.5459463847635675,3.600834077457108,0.6795244000871647,-0.3410927662782525
152,2023-08-11,2023-09-08,435.3791198730469,0.0947372767511729,0.07671232876712329,14.72,15.49,2.84,2.86,435.0, 15.740000, 2.860000,5.641873664514378,3.597456403448291,0.6264896614025569,-0.26226540471869875
153,2023-08-14,2023-09-08,437.7823791503906,0.0899601635875402,0.0684931506849315,14.32,14.36,2.53,2.54,438.0, 14.050000, 2.820000,4.777399962632842,3.4975863758317587,0.6668479802905968,-0.3797184914523702
154,2023-08-15,2023-09-08,432.6827087402344,0.09647383755982533,0.06575342465753424,14.52,14.95,2.78,2.79,433.0, 17.610000, 2.580000,4.83932916662323,3.7353963214974613,0.6715758963947587,-0.34125541166874723
155,2023-08-16,2023-09-08,429.5076599121094,0.09870362908883064,0.06301369863013699,14.35,14.7,2.97,3.01,430.0, 16.380000, 2.800000,4.685206136005689,3.824883728987544,0.677438476006493,-0.27922532742058315
156,2023-08-17,2023-09-08,426.23480224609375,0.09856347274158529,0.06027397260273973,14.9,15.07,2.92,2.94,426.0, 17.070000, 2.920000,4.910132327425487,3.393427069795621,0.6723301750133142,-0.15816623542512667
157,2023-08-18,2023-09-15,426.4399719238281,0.09834649822761743,0.07671232876712329,15.08,15.21,3.75,3.77,426.0, 15.580000, 3.820000,5.731666117385203,3.6608512342555173,0.6215473015922612,0.026369352591617688
158,2023-08-21,2023-09-22,429.2145690917969,0.09994096277243512,0.08767123287671233,15.46,15.83,4.27,4.29,429.0, 16.100000, 4.280000,6.168710678171578,4.077709374037795,0.6057072113664699,0.04726416494444028
159,2023-08-22,2023-09-22,428.05194091796875,0.0983581444542977,0.08493150684931507,15.19,15.49,4.18,4.2,428.0, 15.440000, 4.360000,5.873551744997712,4.007930271584939,0.6171087519558206,0.04345339580311697
160,2023-08-23,2023-09-22,432.8194580078125,0.10098017472899617,0.0821917808219178,13.8,15.05,3.79,3.8,433.0, 13.870000, 3.750000,5.82758677304551,4.232328115133441,0.5960078493555973,-0.11523797500222435
161,2023-08-24,2023-09-22,426.8210144042969,0.10546437385740393,0.07945205479452055,14.77,15.27,4.08,4.1,427.0, 18.670000, 4.040000,5.8457695601337605,4.331818694419013,0.6108009613759148,-0.059124375163572926
162,2023-08-25,2023-09-29,429.8299865722656,0.10797184267368531,0.0958904109589041,14.75,15.05,4.2,4.22,430.0, 12.000000, 4.120000,6.713239054139365,4.826543053934017,0.5494470433463514,-0.14644728121948156
163,2023-08-28,2023-09-29,432.5556945800781,0.10923837340545216,0.08767123287671233,13.97,14.18,3.72,3.73,433.0, 14.220000, 3.800000,6.326758993471202,4.877136329612483,0.5504966967338399,-0.3092983435201297
164,2023-08-29,2023-09-29,438.8082275390625,0.11534868247651966,0.08493150684931507,13.83,14.31,3.16,3.18,439.0, 13.870000, 3.280000,6.745270685378529,5.0767493055685975,0.520591991088946,-0.6014982036493999
165,2023-08-30,2023-09-29,440.61553955078125,0.11584645755571306,0.0821917808219178,13.28,13.73,2.85,2.87,441.0, 13.830000, 2.910000,6.568074047356362,5.143924596589244,0.513656123853657,-0.7985750337724628
166,2023-08-31,2023-09-29,439.97076416015625,0.11434161322672198,0.07945205479452055,13.26,13.78,2.61,2.62,440.0, 14.030000, 2.590000,6.544819778020752,4.829577765349569,0.5159156968919562,-0.8468748624663742
167,2023-09-01,2023-10-06,440.7914123535156,0.1144882190956295,0.0958904109589041,13.72,13.98,3.01,3.02,441.0, 13.510000, 3.000000,7.217106302608187,5.316371024159054,0.47890929223045586,-0.7633071390245619
168,2023-09-05,2023-09-29,438.8863525390625,0.11429953564487089,0.06575342465753424,12.65,13.07,2.39,2.4,439.0, 13.790000, 2.190000,5.814777453902565,4.487507173391208,0.5478400113606092,-0.873698193482759
169,2023-09-06,2023-09-29,435.9359436035156,0.11536431317349423,0.06301369863013699,12.64,13.15,2.46,2.48,436.0, 12.140000, 2.610000,5.7094535766939885,4.401973117875514,0.5572350851730137,-0.7821753513666049
170,2023-09-07,2023-09-29,434.5975646972656,0.11554049297533933,0.06027397260273973,12.13,12.51,2.5,2.52,435.0, 11.810000, 2.490000,5.37937526264156,4.472825095849657,0.5633623975128604,-0.7820020302189872
171,2023-09-08,2023-10-06,435.2521057128906,0.11435643362111923,0.07671232876712329,13.2,13.55,2.68,2.7,435.0, 13.230000, 2.730000,6.499343114755931,4.581940013846065,0.5140678045042295,-0.7033234252215853
172,2023-09-11,2023-10-06,438.11456298828125,0.11222446779790232,0.0684931506849315,12.81,13.12,2.42,2.43,438.0, 12.950000, 2.410000,5.970114126468587,4.358116701776794,0.5395206998481614,-0.7971615265058946
173,2023-09-12,2023-10-06,435.71124267578125,0.11282596273460839,0.06575342465753424,12.46,12.78,2.56,2.57,436.0, 14.610000, 2.550000,5.613995562489578,4.4716819635381455,0.5551509063003505,-0.7433457947517137
174,2023-09-13,2023-10-06,436.2192687988281,0.11281139695273017,0.06301369863013699,12.54,12.97,2.05,2.07,436.0, 12.840000, 2.140000,5.755296678374805,4.16449102424383,0.5487811306644605,-1.0215975845843839
175,2023-09-14,2023-10-06,439.9804992675781,0.10864084536816773,0.06027397260273973,11.85,12.26,1.71,1.72,440.0, 12.320000, 1.750000,5.355801252869554,4.05127070577052,0.5557195144861423,-1.362256971294764
176,2023-09-15,2023-10-13,434.67950439453125,0.1139560193210646,0.07671232876712329,12.81,12.87,2.66,2.67,435.0, 12.980000, 2.750000,6.163315738195223,4.8185139556447325,0.5199909861218673,-0.8080727788535581
177,2023-09-18,2023-10-13,434.9344482421875,0.11326398194399347,0.0684931506849315,12.89,12.94,2.51,2.52,435.0, 12.820000, 2.640000,5.876891917247519,4.455265638898879,0.544956103968446,-0.7714773912122783
178,2023-09-19,2023-10-13,434.0324401855469,0.11024384758959521,0.06575342465753424,12.85,12.93,2.48,2.5,434.0, 11.230000, 2.440000,5.649540193801101,4.192593630603199,0.5617113891542979,-0.683772542410923
179,2023-09-20,2023-10-13,430.042236328125,0.11261592061117717,0.06301369863013699,12.77,12.85,2.65,2.68,430.0, 14.220000, 2.500000,5.571324757304353,4.176425934270554,0.5650800345585985,-0.5671391873435475
180,2023-09-21,2023-10-13,422.9342956542969,0.12068659263516981,0.06027397260273973,13.87,13.96,3.05,3.07,422.0, 16.010000, 2.840000,6.165472430232285,3.961310412394937,0.5569189773458653,-0.2945458864035743
181,2023-09-22,2023-10-20,421.9833679199219,0.12067311943910602,0.07671232876712329,13.92,13.99,3.84,3.84,422.0, 15.510000, 3.850000,6.451340917777685,4.852443117984308,0.5377039829611118,-0.2636570619750802
182,2023-09-25,2023-10-20,423.7578430175781,0.12162888636991565,0.0684931506849315,13.38,13.4,3.57,3.58,424.0, 12.600000, 3.740000,5.998696989022875,4.7912827361980135,0.5520017185195762,-0.34021894718825546
183,2023-09-26,2023-10-20,417.5323486328125,0.12647538965538457,0.06575342465753424,13.69,13.75,4.11,4.13,418.0, 14.780000, 4.320000,5.860271476656777,4.955932830346256,0.5728665104477567,-0.20289631804520783
184,2023-09-27,2023-10-20,417.6990051269531,0.12285874958944709,0.06301369863013699,13.12,13.19,3.82,3.83,418.0, 11.570000, 4.120000,5.655664710147249,4.641745809073456,0.5700748985064804,-0.2135283160976354
185,2023-09-28,2023-10-20,420.12060546875,0.12301067869085051,0.06027397260273973,13.1,13.18,3.34,3.36,420.0, 13.900000, 3.290000,5.7754909475268335,4.391037439234168,0.5604649202795409,-0.310757444547513
186,2023-09-29,2023-10-27,419.1009826660156,0.12138132097050609,0.07671232876712329,14.11,14.18,4.03,4.06,419.0, 15.670000, 3.680000,6.502994911680133,4.7979671753656135,0.5402619362544975,-0.18614763297048542
187,2023-10-02,2023-10-27,418.93426513671875,0.12134236085202404,0.0684931506849315,13.66,13.73,3.77,3.78,419.0, 15.670000, 3.770000,6.01003960252487,4.643297230975094,0.5611508139813896,-0.23001251151658114
188,2023-10-03,2023-10-27,413.326416015625,0.12496347678892747,0.06575342465753424,14.08,14.16,4.2,4.22,413.0, 0.000000, 4.760000,6.1564425864168015,4.47444792109161,0.5639913182424362,-0.06281423303838711
189,2023-10-04,2023-10-27,416.33624267578125,0.12727302951650116,0.06301369863013699,14.04,14.11,3.44,3.46,416.0, 12.310000, 4.230000,6.158821318033375,4.51395632159614,0.5624283255393694,-0.30839313669453333
190,2023-10-05,2023-10-27,416.1794128417969,0.12211259247022677,0.06027397260273973,13.13,13.2,3.46,3.47,416.0, 12.310000, 3.420000,5.71718673101725,4.285962497673381,0.5657283151525067,-0.23693001375855163
191,2023-10-06,2023-11-03,421.12060546875,0.12174716461498925,0.07671232876712329,14.11,14.17,3.97,4.0,421.0, 14.660000, 3.700000,6.561520984802144,4.82921390603812,0.5359603263930591,-0.21184790615762106
192,2023-10-09,2023-11-03,423.8166809082031,0.12141788405769502,0.0684931506849315,13.59,13.67,3.8,3.82,424.0, 13.390000, 3.920000,6.021359407854874,4.755107264405041,0.5582274829160033,-0.24805964945014206
193,2023-10-10,2023-11-03,426.02264404296875,0.12091186253223464,0.06575342465753424,13.42,13.48,3.34,3.35,426.0, 13.740000, 3.220000,6.001471964594316,4.580579726051013,0.5537939059781177,-0.36938108402122977
194,2023-10-11,2023-11-03,427.7677001953125,0.11337610934534889,0.06301369863013699,13.02,13.1,3.01,3.03,428.0, 11.420000, 3.130000,5.427770086681818,4.313698849925203,0.5843973899937351,-0.4283771026242395
195,2023-10-12,2023-11-03,425.1598815917969,0.11336244212042947,0.06027397260273973,13.08,13.13,3.04,3.05,425.0, 12.490000, 3.050000,5.466748932648841,4.027973491314725,0.5828501386761663,-0.32281559649087854
196,2023-10-13,2023-11-10,423.0421447753906,0.11389677360090096,0.07671232876712329,14.59,14.66,4.45,4.48,423.0, 14.920000, 4.560000,6.185356923757382,4.523853998637719,0.5770696120507773,-0.013181186704976311
197,2023-10-16,2023-11-10,427.49322509765625,0.11861014336722808,0.0684931506849315,13.89,13.99,3.61,3.64,427.5, 14.450000, 3.560000,6.04400078563404,4.589238652440088,0.5664274902701549,-0.2659968696386449
198,2023-10-17,2023-11-10,427.4736022949219,0.11822054299693655,0.06575342465753424,13.61,13.68,3.67,3.68,427.5, 14.450000, 4.040000,5.878830887048139,4.502056987412402,0.5691586011690627,-0.22504952038432716
199,2023-10-18,2023-11-10,421.7774353027344,0.12259611405980164,0.06301369863013699,13.98,14.06,4.08,4.1,422.0, 18.820000, 3.980000,5.742556554869168,4.637624571084729,0.5904025281833689,-0.13389353816252536
200,2023-10-19,2023-11-10,418.0715637207031,0.12451851866747075,0.06027397260273973,14.38,14.45,4.22,4.24,418.0, 21.920000, 4.170000,5.7826915732835005,4.453298137035517,0.5988420691443982,-0.05278915769161156
201,2023-10-20,2023-11-17,412.93426513671875,0.12824352292704091,0.07671232876712329,15.33,15.4,5.3,5.32,413.0, 15.430000, 5.250000,6.629269561422632,5.113928973550031,0.5685473764124548,0.036924863738223956
202,2023-10-23,2023-11-17,412.2185363769531,0.12580336005532805,0.0684931506849315,14.69,14.75,4.68,4.69,412.0, 15.930000, 4.520000,6.255983709678645,4.628901698476341,0.5750011066794398,0.011974023804409775
203,2023-10-24,2023-11-17,415.3264465332031,0.1283122355107794,0.06575342465753424,14.34,14.42,4.09,4.11,415.0, 14.700000, 4.020000,6.326250790060726,4.63766106163834,0.5600660090361108,-0.13113684430203432
204,2023-10-25,2023-11-17,409.3656311035156,0.13328124277135622,0.06301369863013699,14.43,14.49,4.4,4.42,409.0, 15.720000, 4.430000,6.318585998304314,4.666352661259168,0.563030013948526,-0.05812985516080907
205,2023-10-26,2023-11-17,404.463623046875,0.13229428889434094,0.06027397260273973,14.27,14.38,4.42,4.44,404.0, 15.080000, 4.320000,6.112174455534273,4.43284996109918,0.5733211549365255,-0.0006433320765643613
206,2023-10-27,2023-11-24,402.6302490234375,0.12944981467097336,0.07671232876712329,14.45,14.8,5.35,5.24,403.0, 14.100000, 5.580000,6.355896570374853,5.182854794358633,0.5654087815128306,0.021179453378917277
207,2023-10-30,2023-11-24,407.44403076171875,0.13581616825350434,0.0684931506849315,14.38,14.46,4.21,4.24,407.0, 14.620000, 4.010000,6.7285355417458845,4.893053146193608,0.5333886586861384,-0.15811908785647547
208,2023-10-31,2023-11-24,410.00286865234375,0.13800132120308234,0.06575342465753424,13.46,13.53,3.64,3.66,410.0, 13.110000, 3.660000,6.47764799024705,5.129047506481783,0.5199964438497926,-0.4052184949265157
209,2023-11-01,2023-11-24,414.3754577636719,0.1407896245258884,0.06301369863013699,13.06,13.51,3.0,3.03,414.0, 13.230000, 3.030000,6.707547175954005,5.0297585450908855,0.49510371276221266,-0.6682449569124
210,2023-11-02,2023-11-24,422.316650390625,0.14469823039840204,0.06027397260273973,12.07,12.15,2.65,2.67,422.5, 11.940000, 2.960000,6.536905571509067,5.448884236344071,0.46020598088281855,-1.0484527204301017
211,2023-11-03,2023-12-01,426.169677734375,0.1469105744445463,0.07671232876712329,13.41,13.46,2.93,2.95,426.0, 14.440000, 2.820000,7.840462526669768,6.039941832993179,0.41641514501899757,-1.054401984011285
212,2023-11-06,2023-12-01,427.1500244140625,0.14657896991262218,0.0684931506849315,12.83,12.9,2.6,2.61,427.0, 12.660000, 2.850000,7.360893168670998,5.751041119112358,0.4278357428160903,-1.2076933278742257
213,2023-11-07,2023-12-01,428.36572265625,0.13957263644086312,0.06575342465753424,12.9,12.98,2.42,2.43,428.0, 13.070000, 2.520000,7.029357030761275,5.258821633417654,0.45677302698908234,-1.1685862405845997
214,2023-11-08,2023-12-01,428.67950439453125,0.13956654317939962,0.06301369863013699,12.13,12.2,2.29,2.3,429.0, 12.230000, 2.220000,6.512669340361043,5.48364817765335,0.4646387718568809,-1.38938918416268
215,2023-11-09,2023-12-08,425.3363037109375,0.14096824761406407,0.07945205479452055,13.7,13.77,3.15,3.15,425.0, 15.240000, 3.180000,7.784890043290744,5.763579315719511,0.4332078599715512,-0.8297077192760353
216,2023-11-10,2023-12-15,431.9736022949219,0.1472521798527449,0.0958904109589041,13.74,14.14,3.73,3.75,432.0, 14.160000, 3.690000,8.900978390168405,6.861100576944295,0.36147931203956934,-0.8345188708407206
217,2023-11-13,2023-12-15,431.56182861328125,0.14730710736691097,0.08767123287671233,13.36,13.63,3.77,3.79,432.0, 14.020000, 3.800000,8.244215653898465,6.792832924697507,0.3890910964136003,-0.7970457472744725
218,2023-11-14,2023-12-15,439.9344482421875,0.14985860587496963,0.08493150684931507,12.83,13.49,3.25,3.27,440.0, 13.200000, 3.240000,8.58188029931327,6.782900644987109,0.347881436222396,-1.0806443696279475
219,2023-11-15,2023-12-15,440.8658447265625,0.14905420540683265,0.0821917808219178,12.92,13.33,3.04,3.05,441.0, 12.910000, 3.120000,8.367895885500303,6.693441258951907,0.3624460277714055,-1.1981744692781304
220,2023-11-16,2023-12-15,441.405029296875,0.14891317488226055,0.07945205479452055,13.03,13.55,2.79,2.81,441.0, 12.180000, 2.800000,8.499653592844282,6.3461817210622655,0.360447434699452,-1.2664934718079521
221,2023-11-17,2023-12-22,441.9540710449219,0.1459647971909312,0.0958904109589041,12.87,13.49,3.34,3.36,442.0, 12.990000, 3.200000,9.026877601958205,6.958700586921509,0.31510792094399054,-1.0772240557974657
222,2023-11-20,2023-12-22,445.3560485839844,0.14637728515923273,0.08767123287671233,12.67,13.47,2.91,2.92,445.0, 13.790000, 2.780000,8.886086702880021,6.5836224207838825,0.32011578401836105,-1.2585325628761175
223,2023-11-21,2023-12-29,444.3854675292969,0.14638807832132988,0.10410958904109589,13.41,13.72,3.25,3.27,444.0, 13.490000, 3.230000,9.761886368201488,7.071191075466913,0.2803622286618882,-1.1690770170143907
224,2023-11-22,2023-12-22,446.1011047363281,0.1463523260614601,0.0821917808219178,12.08,12.92,2.68,2.69,446.0, 12.640000, 2.610000,8.455345846054797,6.525125428561779,0.3235723323156162,-1.4302143123135116
225,2023-11-24,2023-12-22,446.3756408691406,0.14463961989071386,0.07671232876712329,11.72,12.73,2.34,2.36,446.0, 12.260000, 2.460000,8.206808804557625,6.123759578965149,0.32868639635520464,-1.6058551399851704
226,2023-11-27,2023-12-22,445.57177734375,0.1436635302336799,0.0684931506849315,11.27,11.69,2.38,2.39,446.0, 11.550000, 2.380000,7.237397171132358,6.140834990306843,0.3695647063473556,-1.5747735808414436
227,2023-11-28,2023-12-22,446.0129089355469,0.14126080233339094,0.06575342465753424,11.22,12.2,2.16,2.17,446.0, 11.400000, 2.310000,7.199557019022535,5.7227544327098485,0.3851787344985026,-1.643304587856743
228,2023-11-29,2023-12-22,445.69921875,0.1413326919366939,0.06301369863013699,11.12,11.51,2.37,2.39,446.0, 11.870000, 2.410000,6.866607348498576,5.764394475872223,0.39314119765810196,-1.4220144856605978
229,2023-11-30,2023-12-22,447.4541015625,0.13430826765757894,0.06027397260273973,11.31,12.63,2.09,2.11,447.0, 10.000000, 2.140000,6.817371470470789,5.018174494457526,0.4304618654577453,-1.3896069021226316
230,2023-12-01,2023-12-29,450.1012268066406,0.13075706522095,0.07671232876712329,11.76,12.0,2.54,2.55,450.0, 12.000000, 2.490000,7.44224996360407,5.618301721081565,0.37354798286161023,-1.2075841733129922
231,2023-12-04,2023-12-29,447.7384338378906,0.12526548418010364,0.0684931506849315,11.25,11.52,2.51,2.52,448.0, 10.960000, 2.630000,6.504238859984099,5.234182584851652,0.4287010223992886,-1.0811859184300807
232,2023-12-05,2023-12-29,447.6501770019531,0.1248713787125487,0.06575342465753424,10.78,11.04,2.38,2.39,448.0, 11.530000, 2.500000,6.2887554889787225,5.16812029074066,0.42357878194512166,-1.1669267466417863
233,2023-12-06,2023-12-29,445.8462829589844,0.12552823205413471,0.06301369863013699,10.69,11.15,2.35,2.36,446.0, 11.290000, 2.360000,6.243450041890156,4.994172960279485,0.4282554906693996,-1.1206679236855563
234,2023-12-07,2023-12-29,449.2482604980469,0.11574309547372234,0.06027397260273973,11.14,11.46,2.17,2.18,449.0, 11.320000, 2.150000,5.923233623958168,4.323859388400251,0.47582003327803823,-0.9879813280001156
235,2023-12-08,2024-01-05,451.1795959472656,0.10648057540890357,0.07671232876712329,11.6,11.96,2.36,2.38,451.0, 11.800000, 2.310000,6.304537035292839,4.398391382287798,0.4648100988715757,-0.8558613427374674
236,2023-12-11,2024-01-12,452.9345397949219,0.10361303220565297,0.08767123287671233,11.94,13.36,2.85,2.86,453.0, 11.370000, 2.980000,6.542304561095733,4.626357325174723,0.4828217738264242,-0.6204403941067331
237,2023-12-12,2024-01-12,455.00323486328125,0.10086082386435215,0.08493150684931507,11.43,12.58,2.5,2.52,455.0, 11.780000, 2.500000,6.345374344141675,4.414044497853325,0.47143903838886503,-0.7585834652802095
238,2023-12-13,2024-01-12,461.2777404785156,0.10474128011152183,0.0821917808219178,11.69,12.24,2.3,2.32,461.0, 11.030000, 2.640000,6.664635259670121,4.496261756452753,0.4429891132745407,-0.946433660802058
239,2023-12-14,2024-01-12,462.7581481933594,0.10281830213071343,0.07945205479452055,10.98,11.8,2.37,2.4,463.0, 11.290000, 2.520000,6.175715502889858,4.581900841997708,0.45779495145830923,-0.9211324285105696
240,2023-12-15,2024-01-19,461.9962158203125,0.09306141856716149,0.0958904109589041,13.24,13.33,2.69,2.7,462.0, 12.250000, 2.580000,6.474397189625677,4.268414495573211,0.5126535800055946,-0.5838272710846791
241,2023-12-18,2024-01-26,464.594970703125,0.09162009210721973,0.10684931506849316,13.22,13.76,3.37,3.39,465.0, 13.830000, 3.290000,6.636178453914766,4.563585374803836,0.5080668306957179,-0.35017318781178575
242,2023-12-19,2024-01-26,467.42010498046875,0.09206168635031435,0.10410958904109589,13.44,13.5,3.32,3.28,467.5, 12.920000, 3.490000,6.7778530840380995,4.43050941121092,0.49681862776257607,-0.3425786094578547
243,2023-12-20,2024-01-26,460.9429626464844,0.10436524227267897,0.10136986301369863,13.54,13.65,3.82,3.86,461.0, 19.390000, 3.290000,7.299189423203387,5.025562900686907,0.46309750472943084,-0.3087403387205488
244,2023-12-21,2024-01-26,465.3135681152344,0.1061592027682788,0.09863013698630137,13.95,14.02,3.46,3.48,465.0, 13.410000, 3.480000,7.558939786490669,4.957866047115118,0.4594966187707781,-0.4287798406671811
245,2023-12-22,2024-01-31,466.24871826171875,0.1013745222002578,0.1095890410958904,14.08,14.29,3.81,3.84,466.0, 14.400000, 3.800000,7.720431837059948,4.925271841779448,0.45573268684808255,-0.2876527690926662
246,2023-12-26,2024-01-26,468.2174377441406,0.094395178511739,0.08493150684931507,12.74,13.05,2.88,2.9,468.0, 13.120000, 2.760000,6.301621181153678,4.1010000259200865,0.5113128203835845,-0.41903115083740033
247,2023-12-27,2024-01-26,469.06402587890625,0.09380761498916289,0.0821917808219178,12.13,12.49,2.62,2.68,469.0, 11.700000, 2.890000,6.078001331721566,4.090533178227076,0.5062549689909369,-0.5435974257460664
248,2023-12-28,2024-01-26,469.2412109375,0.0799957184674074,0.07945205479452055,12.13,12.74,2.52,2.54,469.0, 12.720000, 2.450000,5.344992989434047,3.2443272500488547,0.5701654210346565,-0.2823427865805749
249,2023-12-29,2024-01-31,467.88275146484375,0.08132364485371997,0.09041095890410959,12.6,12.67,3.0,3.02,468.0, 12.960000, 3.030000,5.620522062486373,3.6269288346323094,0.5551624802147707,-0.20495974572501982
